,total_posts,text,likes,date,subscribers,subscribed,image_urls,account_description
0,136,"this is sad but instagram just removed this drawing because someone reported it by COPYRIGHT and said it wasn't mine. so I'm here once again reposting and with news:
i will no longer allow people to repost my naruto drawings. if you see any please report. I will only allow it if it's video edits and pfps, but please credit me. ‚ö†Ô∏è‚ö†Ô∏è‚ÄºÔ∏è:(","1,691",2020-06-12T01:00:02.000Z,"5,660",248,"https://instagram.fbru2-1.fna.fbcdn.net/v/t51.2885-15/e35/c0.114.1216.1216a/s150x150/103199141_259318185168697_2536632066161804077_n.jpg?_nc_ht=instagram.fbru2-1.fna.fbcdn.net&_nc_cat=101&_nc_ohc=UJDzJ3C2NIcAX9_6MdG&oh=17d40b74f23e198554f5730181aa32ff&oe=5F0D0135 150w,https://instagram.fbru2-1.fna.fbcdn.net/v/t51.2885-15/e35/c0.114.1216.1216a/s240x240/103199141_259318185168697_2536632066161804077_n.jpg?_nc_ht=instagram.fbru2-1.fna.fbcdn.net&_nc_cat=101&_nc_ohc=UJDzJ3C2NIcAX9_6MdG&oh=a5271d93893ff45a53c263c618fa154f&oe=5F0E26B3 240w,https://instagram.fbru2-1.fna.fbcdn.net/v/t51.2885-15/e35/c0.114.1216.1216a/s320x320/103199141_259318185168697_2536632066161804077_n.jpg?_nc_ht=instagram.fbru2-1.fna.fbcdn.net&_nc_cat=101&_nc_ohc=UJDzJ3C2NIcAX9_6MdG&oh=29a14d293dda250b5d6fc106dac50724&oe=5F0C5ECD 320w,https://instagram.fbru2-1.fna.fbcdn.net/v/t51.2885-15/e35/c0.114.1216.1216a/s480x480/103199141_259318185168697_2536632066161804077_n.jpg?_nc_ht=instagram.fbru2-1.fna.fbcdn.net&_nc_cat=101&_nc_ohc=UJDzJ3C2NIcAX9_6MdG&oh=58979314bc74c91a2bdfc00a8484efff&oe=5F0C760C 480w,https://instagram.fbru2-1.fna.fbcdn.net/v/t51.2885-15/sh0.08/e35/c0.114.1216.1216a/s640x640/103199141_259318185168697_2536632066161804077_n.jpg?_nc_ht=instagram.fbru2-1.fna.fbcdn.net&_nc_cat=101&_nc_ohc=UJDzJ3C2NIcAX9_6MdG&oh=4e773246ec908655b3a246649078f331&oe=5F0C1605 640w","‚Ä¢ artist | 19 üáßüá∑
‚Ä¢ she/her
‚Ä¢ DO NOT REPOST NRT ARTS ‚ÄºÔ∏è"
1,136,cosmo & wanda üí´,"1,039",2020-05-31T18:37:56.000Z,"5,660",248,"https://instagram.fbru2-1.fna.fbcdn.net/v/t51.2885-15/e35/c0.92.1183.1183a/s150x150/101346667_244294780191424_6819015577316140974_n.jpg?_nc_ht=instagram.fbru2-1.fna.fbcdn.net&_nc_cat=104&_nc_ohc=A4GlL312T7cAX9X8mo9&oh=e4643ea30cfc8f75ed7ad3b5e62a1ccc&oe=5F0F69FA 150w,https://instagram.fbru2-1.fna.fbcdn.net/v/t51.2885-15/e35/c0.92.1183.1183a/s240x240/101346667_244294780191424_6819015577316140974_n.jpg?_nc_ht=instagram.fbru2-1.fna.fbcdn.net&_nc_cat=104&_nc_ohc=A4GlL312T7cAX9X8mo9&oh=7e8d30444ebb1089e44f5f0e0d966815&oe=5F0EAD80 240w,https://instagram.fbru2-1.fna.fbcdn.net/v/t51.2885-15/e35/c0.92.1183.1183a/s320x320/101346667_244294780191424_6819015577316140974_n.jpg?_nc_ht=instagram.fbru2-1.fna.fbcdn.net&_nc_cat=104&_nc_ohc=A4GlL312T7cAX9X8mo9&oh=0754f95b17ce85bd46c13398820dd9af&oe=5F0C3B02 320w,https://instagram.fbru2-1.fna.fbcdn.net/v/t51.2885-15/e35/c0.92.1183.1183a/s480x480/101346667_244294780191424_6819015577316140974_n.jpg?_nc_ht=instagram.fbru2-1.fna.fbcdn.net&_nc_cat=104&_nc_ohc=A4GlL312T7cAX9X8mo9&oh=ba4960285500a4dccfbe9edc152bb5c4&oe=5F0E7AC7 480w,https://instagram.fbru2-1.fna.fbcdn.net/v/t51.2885-15/sh0.08/e35/c0.92.1183.1183a/s640x640/101346667_244294780191424_6819015577316140974_n.jpg?_nc_ht=instagram.fbru2-1.fna.fbcdn.net&_nc_cat=104&_nc_ohc=A4GlL312T7cAX9X8mo9&oh=69c2dda4527c98a1d7fa47d5ae964725&oe=5F0DAE6F 640w","‚Ä¢ artist | 19 üáßüá∑
‚Ä¢ she/her
‚Ä¢ DO NOT REPOST NRT ARTS ‚ÄºÔ∏è"
2,136,wanda ‚ú® (1/2),"1,004",2020-05-31T03:44:25.000Z,"5,660",248,"https://instagram.fbru2-1.fna.fbcdn.net/v/t51.2885-15/e35/c0.47.1440.1440a/s150x150/81484449_257547605496840_3182988973886918708_n.jpg?_nc_ht=instagram.fbru2-1.fna.fbcdn.net&_nc_cat=100&_nc_ohc=E-MAQ0sDHAsAX-WDKSO&oh=52eea358b02646e7147ab222b986d970&oe=5F0DABF0 150w,https://instagram.fbru2-1.fna.fbcdn.net/v/t51.2885-15/e35/c0.47.1440.1440a/s240x240/81484449_257547605496840_3182988973886918708_n.jpg?_nc_ht=instagram.fbru2-1.fna.fbcdn.net&_nc_cat=100&_nc_ohc=E-MAQ0sDHAsAX-WDKSO&oh=bbfad548e1836d75ac4ac53b7aa8f2ca&oe=5F0BDA26 240w,https://instagram.fbru2-1.fna.fbcdn.net/v/t51.2885-15/e35/c0.47.1440.1440a/s320x320/81484449_257547605496840_3182988973886918708_n.jpg?_nc_ht=instagram.fbru2-1.fna.fbcdn.net&_nc_cat=100&_nc_ohc=E-MAQ0sDHAsAX-WDKSO&oh=1f8818b15265bc1f75d60df94fb7dc18&oe=5F0EA420 320w,https://instagram.fbru2-1.fna.fbcdn.net/v/t51.2885-15/e35/c0.47.1440.1440a/s480x480/81484449_257547605496840_3182988973886918708_n.jpg?_nc_ht=instagram.fbru2-1.fna.fbcdn.net&_nc_cat=100&_nc_ohc=E-MAQ0sDHAsAX-WDKSO&oh=3edb2fd566baccda21b617ea78596ab4&oe=5F0CF446 480w,https://instagram.fbru2-1.fna.fbcdn.net/v/t51.2885-15/sh0.08/e35/c0.47.1440.1440a/s640x640/81484449_257547605496840_3182988973886918708_n.jpg?_nc_ht=instagram.fbru2-1.fna.fbcdn.net&_nc_cat=100&_nc_ohc=E-MAQ0sDHAsAX-WDKSO&oh=8ab56c577fa0715547b2ccf78a192eef&oe=5F0BA475 640w","‚Ä¢ artist | 19 üáßüá∑
‚Ä¢ she/her
‚Ä¢ DO NOT REPOST NRT ARTS ‚ÄºÔ∏è"
3,136,here‚Äôs my entry on #sailormoonredraw ‚ú®üí´,"3,597",2020-05-27T18:52:29.000Z,"5,660",248,"https://instagram.fbru2-1.fna.fbcdn.net/v/t51.2885-15/e35/c153.0.1133.1133a/s150x150/101007840_255269868876690_2687421013284741191_n.jpg?_nc_ht=instagram.fbru2-1.fna.fbcdn.net&_nc_cat=106&_nc_ohc=LDTxXlmjFEgAX-m8DUX&oh=a561ef6d17cc2e2e52609b1dfa223fb4&oe=5F0EC75D 150w,https://instagram.fbru2-1.fna.fbcdn.net/v/t51.2885-15/e35/c153.0.1133.1133a/s240x240/101007840_255269868876690_2687421013284741191_n.jpg?_nc_ht=instagram.fbru2-1.fna.fbcdn.net&_nc_cat=106&_nc_ohc=LDTxXlmjFEgAX-m8DUX&oh=fbf64a6967ad544a795e3203583723d5&oe=5F0F60DB 240w,https://instagram.fbru2-1.fna.fbcdn.net/v/t51.2885-15/e35/c153.0.1133.1133a/s320x320/101007840_255269868876690_2687421013284741191_n.jpg?_nc_ht=instagram.fbru2-1.fna.fbcdn.net&_nc_cat=106&_nc_ohc=LDTxXlmjFEgAX-m8DUX&oh=cbfdd4105f18c0bce261b13b863755c3&oe=5F0DA8A5 320w,https://instagram.fbru2-1.fna.fbcdn.net/v/t51.2885-15/e35/c153.0.1133.1133a/s480x480/101007840_255269868876690_2687421013284741191_n.jpg?_nc_ht=instagram.fbru2-1.fna.fbcdn.net&_nc_cat=106&_nc_ohc=LDTxXlmjFEgAX-m8DUX&oh=fb6e8e8376f6b1ef45f48b19f6746da7&oe=5F0F2AE4 480w,https://instagram.fbru2-1.fna.fbcdn.net/v/t51.2885-15/sh0.08/e35/c153.0.1133.1133a/s640x640/101007840_255269868876690_2687421013284741191_n.jpg?_nc_ht=instagram.fbru2-1.fna.fbcdn.net&_nc_cat=106&_nc_ohc=LDTxXlmjFEgAX-m8DUX&oh=d62e30d5e9d3f81abb94ecc11fbf711d&oe=5F0E7CED 640w","‚Ä¢ artist | 19 üáßüá∑
‚Ä¢ she/her
‚Ä¢ DO NOT REPOST NRT ARTS ‚ÄºÔ∏è"
4,136,a king #AGUSTD2,875,2020-05-22T20:40:26.000Z,"5,660",248,"https://instagram.fbru2-1.fna.fbcdn.net/v/t51.2885-15/e35/c130.0.1095.1095a/s150x150/98341621_816374632496625_1533623014449644191_n.jpg?_nc_ht=instagram.fbru2-1.fna.fbcdn.net&_nc_cat=109&_nc_ohc=NuEnZkqHgyQAX_IUhV8&oh=c94b2ab6d425131747b5ed663fdceee1&oe=5F0DA7AD 150w,https://instagram.fbru2-1.fna.fbcdn.net/v/t51.2885-15/e35/c130.0.1095.1095a/s240x240/98341621_816374632496625_1533623014449644191_n.jpg?_nc_ht=instagram.fbru2-1.fna.fbcdn.net&_nc_cat=109&_nc_ohc=NuEnZkqHgyQAX_IUhV8&oh=70e4ad528e60cb6e013eeadad92eb8f6&oe=5F0CD267 240w,https://instagram.fbru2-1.fna.fbcdn.net/v/t51.2885-15/e35/c130.0.1095.1095a/s320x320/98341621_816374632496625_1533623014449644191_n.jpg?_nc_ht=instagram.fbru2-1.fna.fbcdn.net&_nc_cat=109&_nc_ohc=NuEnZkqHgyQAX_IUhV8&oh=ae9d679f1fb8841e5d33498f5594be81&oe=5F0DBC5D 320w,https://instagram.fbru2-1.fna.fbcdn.net/v/t51.2885-15/e35/c130.0.1095.1095a/s480x480/98341621_816374632496625_1533623014449644191_n.jpg?_nc_ht=instagram.fbru2-1.fna.fbcdn.net&_nc_cat=109&_nc_ohc=NuEnZkqHgyQAX_IUhV8&oh=bea3a755cae9b59cb3004829a2b01bbb&oe=5F0E2607 480w,https://instagram.fbru2-1.fna.fbcdn.net/v/t51.2885-15/sh0.08/e35/c130.0.1095.1095a/s640x640/98341621_816374632496625_1533623014449644191_n.jpg?_nc_ht=instagram.fbru2-1.fna.fbcdn.net&_nc_cat=109&_nc_ohc=NuEnZkqHgyQAX_IUhV8&oh=ddeeb9d494344f2e4355d65765c86cfb&oe=5F0BF868 640w","‚Ä¢ artist | 19 üáßüá∑
‚Ä¢ she/her
‚Ä¢ DO NOT REPOST NRT ARTS ‚ÄºÔ∏è"
5,136,i'm a king i'm a boss #AGUSTD2,980,2020-05-22T16:48:09.000Z,"5,660",248,"https://instagram.fbru2-1.fna.fbcdn.net/v/t51.2885-15/e35/c0.58.1440.1440a/s150x150/100732819_249285336380570_7097353938986080479_n.jpg?_nc_ht=instagram.fbru2-1.fna.fbcdn.net&_nc_cat=102&_nc_ohc=h_7OF6OW3IkAX_XfAMQ&oh=335414d15dfde0707d25375aedba9382&oe=5F0E9CC2 150w,https://instagram.fbru2-1.fna.fbcdn.net/v/t51.2885-15/e35/c0.58.1440.1440a/s240x240/100732819_249285336380570_7097353938986080479_n.jpg?_nc_ht=instagram.fbru2-1.fna.fbcdn.net&_nc_cat=102&_nc_ohc=h_7OF6OW3IkAX_XfAMQ&oh=0a34eb7a893a43b2699617a7b1fcd8ad&oe=5F0EF8C8 240w,https://instagram.fbru2-1.fna.fbcdn.net/v/t51.2885-15/e35/c0.58.1440.1440a/s320x320/100732819_249285336380570_7097353938986080479_n.jpg?_nc_ht=instagram.fbru2-1.fna.fbcdn.net&_nc_cat=102&_nc_ohc=h_7OF6OW3IkAX_XfAMQ&oh=4508b8f8cc616bf1e936afe47ca54e88&oe=5F0BDD3A 320w,https://instagram.fbru2-1.fna.fbcdn.net/v/t51.2885-15/e35/c0.58.1440.1440a/s480x480/100732819_249285336380570_7097353938986080479_n.jpg?_nc_ht=instagram.fbru2-1.fna.fbcdn.net&_nc_cat=102&_nc_ohc=h_7OF6OW3IkAX_XfAMQ&oh=157d3a860dd998fd30fa7f4f26bc127c&oe=5F0CD4FF 480w,https://instagram.fbru2-1.fna.fbcdn.net/v/t51.2885-15/sh0.08/e35/c0.58.1440.1440a/s640x640/100732819_249285336380570_7097353938986080479_n.jpg?_nc_ht=instagram.fbru2-1.fna.fbcdn.net&_nc_cat=102&_nc_ohc=h_7OF6OW3IkAX_XfAMQ&oh=18b11d5515b032bfdf661346d2f64c5d&oe=5F0CB457 640w","‚Ä¢ artist | 19 üáßüá∑
‚Ä¢ she/her
‚Ä¢ DO NOT REPOST NRT ARTS ‚ÄºÔ∏è"
6,136,"they need to be together, otherwise i cry #lovealarm","1,844",2020-05-20T21:53:43.000Z,"5,660",248,"https://instagram.fbru2-1.fna.fbcdn.net/v/t51.2885-15/e35/c0.34.1440.1440a/s150x150/100666379_163887251767182_3043659553128052657_n.jpg?_nc_ht=instagram.fbru2-1.fna.fbcdn.net&_nc_cat=106&_nc_ohc=ign8I0YhvtYAX_Q4lxH&oh=efbe9eff8b80999b1c50b9277c41dca3&oe=5F0E8AB1 150w,https://instagram.fbru2-1.fna.fbcdn.net/v/t51.2885-15/e35/c0.34.1440.1440a/s240x240/100666379_163887251767182_3043659553128052657_n.jpg?_nc_ht=instagram.fbru2-1.fna.fbcdn.net&_nc_cat=106&_nc_ohc=ign8I0YhvtYAX_Q4lxH&oh=fc81c4e6f087d520cb69bb00ea022136&oe=5F0EFDB7 240w,https://instagram.fbru2-1.fna.fbcdn.net/v/t51.2885-15/e35/c0.34.1440.1440a/s320x320/100666379_163887251767182_3043659553128052657_n.jpg?_nc_ht=instagram.fbru2-1.fna.fbcdn.net&_nc_cat=106&_nc_ohc=ign8I0YhvtYAX_Q4lxH&oh=c750dd68a7b57acbcf9902ef356af6ec&oe=5F0BE2C9 320w,https://instagram.fbru2-1.fna.fbcdn.net/v/t51.2885-15/e35/c0.34.1440.1440a/s480x480/100666379_163887251767182_3043659553128052657_n.jpg?_nc_ht=instagram.fbru2-1.fna.fbcdn.net&_nc_cat=106&_nc_ohc=ign8I0YhvtYAX_Q4lxH&oh=16e94362c35f07405309b1f9c88a1e35&oe=5F0CBF90 480w,https://instagram.fbru2-1.fna.fbcdn.net/v/t51.2885-15/sh0.08/e35/c0.34.1440.1440a/s640x640/100666379_163887251767182_3043659553128052657_n.jpg?_nc_ht=instagram.fbru2-1.fna.fbcdn.net&_nc_cat=106&_nc_ohc=ign8I0YhvtYAX_Q4lxH&oh=6e9a718c5bfd65b93f4b44b04e88c50b&oe=5F0BCB28 640w","‚Ä¢ artist | 19 üáßüá∑
‚Ä¢ she/her
‚Ä¢ DO NOT REPOST NRT ARTS ‚ÄºÔ∏è"
7,136,fifth hokage,"1,546",2020-05-19T02:40:27.000Z,"5,660",248,"https://instagram.fbru2-1.fna.fbcdn.net/v/t51.2885-15/e35/c0.36.1440.1440a/s150x150/97337268_824400821383052_382704391616177324_n.jpg?_nc_ht=instagram.fbru2-1.fna.fbcdn.net&_nc_cat=108&_nc_ohc=J9MGec-C9BsAX-WtzU3&oh=179bd60bfd49f3b104fa961fbfbd90d2&oe=5F0C8037 150w,https://instagram.fbru2-1.fna.fbcdn.net/v/t51.2885-15/e35/c0.36.1440.1440a/s240x240/97337268_824400821383052_382704391616177324_n.jpg?_nc_ht=instagram.fbru2-1.fna.fbcdn.net&_nc_cat=108&_nc_ohc=J9MGec-C9BsAX-WtzU3&oh=33c3bbbcaf9b5d33414bf92fe66405a0&oe=5F0C8984 240w,https://instagram.fbru2-1.fna.fbcdn.net/v/t51.2885-15/e35/c0.36.1440.1440a/s320x320/97337268_824400821383052_382704391616177324_n.jpg?_nc_ht=instagram.fbru2-1.fna.fbcdn.net&_nc_cat=108&_nc_ohc=J9MGec-C9BsAX-WtzU3&oh=26f866026e8a048a22b1bcbd77e12a79&oe=5F0EF4BC 320w,https://instagram.fbru2-1.fna.fbcdn.net/v/t51.2885-15/e35/c0.36.1440.1440a/s480x480/97337268_824400821383052_382704391616177324_n.jpg?_nc_ht=instagram.fbru2-1.fna.fbcdn.net&_nc_cat=108&_nc_ohc=J9MGec-C9BsAX-WtzU3&oh=728136bd719764bea0582aa67472a374&oe=5F0BAEE8 480w,https://instagram.fbru2-1.fna.fbcdn.net/v/t51.2885-15/sh0.08/e35/c0.36.1440.1440a/s640x640/97337268_824400821383052_382704391616177324_n.jpg?_nc_ht=instagram.fbru2-1.fna.fbcdn.net&_nc_cat=108&_nc_ohc=J9MGec-C9BsAX-WtzU3&oh=59600bc377fcbe17e6b994bddb3ce967&oe=5F0CF922 640w","‚Ä¢ artist | 19 üáßüá∑
‚Ä¢ she/her
‚Ä¢ DO NOT REPOST NRT ARTS ‚ÄºÔ∏è"
8,136,"hinata: hufflepuff
loyal, true, sweet as can be","2,477",2020-05-16T19:36:56.000Z,"5,660",248,"https://instagram.fbru2-1.fna.fbcdn.net/v/t51.2885-15/e35/c0.32.1440.1440a/s150x150/97254227_169910527760380_8429421267964470774_n.jpg?_nc_ht=instagram.fbru2-1.fna.fbcdn.net&_nc_cat=104&_nc_ohc=UFW7L2-4ELsAX-gOn6v&oh=465b658fac9540df8d9f919b5a154379&oe=5F0C0102 150w,https://instagram.fbru2-1.fna.fbcdn.net/v/t51.2885-15/e35/c0.32.1440.1440a/s240x240/97254227_169910527760380_8429421267964470774_n.jpg?_nc_ht=instagram.fbru2-1.fna.fbcdn.net&_nc_cat=104&_nc_ohc=UFW7L2-4ELsAX-gOn6v&oh=c2aac68abb5f53f64ee52b314c979ede&oe=5F0EF4CC 240w,https://instagram.fbru2-1.fna.fbcdn.net/v/t51.2885-15/e35/c0.32.1440.1440a/s320x320/97254227_169910527760380_8429421267964470774_n.jpg?_nc_ht=instagram.fbru2-1.fna.fbcdn.net&_nc_cat=104&_nc_ohc=UFW7L2-4ELsAX-gOn6v&oh=504d5e15af6310b208c6ce19d98306c8&oe=5F0E34F2 320w,https://instagram.fbru2-1.fna.fbcdn.net/v/t51.2885-15/e35/c0.32.1440.1440a/s480x480/97254227_169910527760380_8429421267964470774_n.jpg?_nc_ht=instagram.fbru2-1.fna.fbcdn.net&_nc_cat=104&_nc_ohc=UFW7L2-4ELsAX-gOn6v&oh=7d8b9fe1d9c27e0ef4d95789d1cfc1e3&oe=5F0EF42C 480w,https://instagram.fbru2-1.fna.fbcdn.net/v/t51.2885-15/sh0.08/e35/c0.32.1440.1440a/s640x640/97254227_169910527760380_8429421267964470774_n.jpg?_nc_ht=instagram.fbru2-1.fna.fbcdn.net&_nc_cat=104&_nc_ohc=UFW7L2-4ELsAX-gOn6v&oh=140195b38c84df19a1e858bb54bac886&oe=5F0E6B9B 640w","‚Ä¢ artist | 19 üáßüá∑
‚Ä¢ she/her
‚Ä¢ DO NOT REPOST NRT ARTS ‚ÄºÔ∏è"
9,136,team 7 in their respective houses,"5,138",2020-04-26T21:59:23.000Z,"5,660",248,"https://instagram.fbru2-1.fna.fbcdn.net/v/t51.2885-15/e35/c99.0.1241.1241a/s150x150/94486468_318300719132838_6507679194363182113_n.jpg?_nc_ht=instagram.fbru2-1.fna.fbcdn.net&_nc_cat=106&_nc_ohc=6u4KdsRRyBMAX8r1BNG&oh=1fcb7958ee0aa500da0ae720e56924d9&oe=5F0E3B70 150w,https://instagram.fbru2-1.fna.fbcdn.net/v/t51.2885-15/e35/c99.0.1241.1241a/s240x240/94486468_318300719132838_6507679194363182113_n.jpg?_nc_ht=instagram.fbru2-1.fna.fbcdn.net&_nc_cat=106&_nc_ohc=6u4KdsRRyBMAX8r1BNG&oh=72afb3a18696baaab92deee1e98ca4bf&oe=5F0CB0A6 240w,https://instagram.fbru2-1.fna.fbcdn.net/v/t51.2885-15/e35/c99.0.1241.1241a/s320x320/94486468_318300719132838_6507679194363182113_n.jpg?_nc_ht=instagram.fbru2-1.fna.fbcdn.net&_nc_cat=106&_nc_ohc=6u4KdsRRyBMAX8r1BNG&oh=9ce59f6e6458514638b904635f0d03f3&oe=5F0BBCA0 320w,https://instagram.fbru2-1.fna.fbcdn.net/v/t51.2885-15/e35/c99.0.1241.1241a/s480x480/94486468_318300719132838_6507679194363182113_n.jpg?_nc_ht=instagram.fbru2-1.fna.fbcdn.net&_nc_cat=106&_nc_ohc=6u4KdsRRyBMAX8r1BNG&oh=5e828ec912bdbd2a4b91d3df1b4d9bba&oe=5F0EB646 480w,https://instagram.fbru2-1.fna.fbcdn.net/v/t51.2885-15/sh0.08/e35/c99.0.1241.1241a/s640x640/94486468_318300719132838_6507679194363182113_n.jpg?_nc_ht=instagram.fbru2-1.fna.fbcdn.net&_nc_cat=106&_nc_ohc=6u4KdsRRyBMAX8r1BNG&oh=46864b366eeaf65805e158fd2eb48997&oe=5F0BFCF5 640w","‚Ä¢ artist | 19 üáßüá∑
‚Ä¢ she/her
‚Ä¢ DO NOT REPOST NRT ARTS ‚ÄºÔ∏è"
10,136,"tenten: hufflepuff
where they are just, loyal, patient and true","1,485",2020-04-24T00:47:52.000Z,"5,660",248,"https://instagram.fbru2-1.fna.fbcdn.net/v/t51.2885-15/e35/c0.92.1440.1440a/s150x150/94243533_581098859428992_4452848262503532461_n.jpg?_nc_ht=instagram.fbru2-1.fna.fbcdn.net&_nc_cat=100&_nc_ohc=hxtmWXbsYM0AX8uNG7e&oh=e7e6fa6cee3705dedf36ce99a9558b53&oe=5F0D0529 150w,https://instagram.fbru2-1.fna.fbcdn.net/v/t51.2885-15/e35/c0.92.1440.1440a/s240x240/94243533_581098859428992_4452848262503532461_n.jpg?_nc_ht=instagram.fbru2-1.fna.fbcdn.net&_nc_cat=100&_nc_ohc=hxtmWXbsYM0AX8uNG7e&oh=9b91e9e306713a66224c832c65f677f3&oe=5F0E07E3 240w,https://instagram.fbru2-1.fna.fbcdn.net/v/t51.2885-15/e35/c0.92.1440.1440a/s320x320/94243533_581098859428992_4452848262503532461_n.jpg?_nc_ht=instagram.fbru2-1.fna.fbcdn.net&_nc_cat=100&_nc_ohc=hxtmWXbsYM0AX8uNG7e&oh=650363e29c2138e042979298ac6255a6&oe=5F0E96D9 320w,https://instagram.fbru2-1.fna.fbcdn.net/v/t51.2885-15/e35/c0.92.1440.1440a/s480x480/94243533_581098859428992_4452848262503532461_n.jpg?_nc_ht=instagram.fbru2-1.fna.fbcdn.net&_nc_cat=100&_nc_ohc=hxtmWXbsYM0AX8uNG7e&oh=393dc0afd7c6909516da627ea46e00cf&oe=5F0E7F03 480w,https://instagram.fbru2-1.fna.fbcdn.net/v/t51.2885-15/sh0.08/e35/c0.92.1440.1440a/s640x640/94243533_581098859428992_4452848262503532461_n.jpg?_nc_ht=instagram.fbru2-1.fna.fbcdn.net&_nc_cat=100&_nc_ohc=hxtmWXbsYM0AX8uNG7e&oh=3b9caf9ebea9a82daec292cf22315078&oe=5F0EB7B4 640w","‚Ä¢ artist | 19 üáßüá∑
‚Ä¢ she/her
‚Ä¢ DO NOT REPOST NRT ARTS ‚ÄºÔ∏è"
11,136,"ino: slytherin!
those of great ambition","1,639",2020-04-23T01:05:48.000Z,"5,660",248,"https://instagram.fbru2-1.fna.fbcdn.net/v/t51.2885-15/e35/c0.86.1440.1440a/s150x150/93989637_2721424428081512_1138733232590737101_n.jpg?_nc_ht=instagram.fbru2-1.fna.fbcdn.net&_nc_cat=108&_nc_ohc=AqIq25nBn_IAX_O7dO5&oh=75e6296f3df032a3bc2a4eb7763de98a&oe=5F0CE9BA 150w,https://instagram.fbru2-1.fna.fbcdn.net/v/t51.2885-15/e35/c0.86.1440.1440a/s240x240/93989637_2721424428081512_1138733232590737101_n.jpg?_nc_ht=instagram.fbru2-1.fna.fbcdn.net&_nc_cat=108&_nc_ohc=AqIq25nBn_IAX_O7dO5&oh=0f1c73263c81c33eb9a4e044c7306b27&oe=5F0DAA40 240w,https://instagram.fbru2-1.fna.fbcdn.net/v/t51.2885-15/e35/c0.86.1440.1440a/s320x320/93989637_2721424428081512_1138733232590737101_n.jpg?_nc_ht=instagram.fbru2-1.fna.fbcdn.net&_nc_cat=108&_nc_ohc=AqIq25nBn_IAX_O7dO5&oh=f112353219329d433c49fef78cbd7414&oe=5F0DC8C2 320w,https://instagram.fbru2-1.fna.fbcdn.net/v/t51.2885-15/e35/c0.86.1440.1440a/s480x480/93989637_2721424428081512_1138733232590737101_n.jpg?_nc_ht=instagram.fbru2-1.fna.fbcdn.net&_nc_cat=108&_nc_ohc=AqIq25nBn_IAX_O7dO5&oh=03f7b95a7dbd4567f82ed81eed7d06e3&oe=5F0F0987 480w,https://instagram.fbru2-1.fna.fbcdn.net/v/t51.2885-15/sh0.08/e35/c0.86.1440.1440a/s640x640/93989637_2721424428081512_1138733232590737101_n.jpg?_nc_ht=instagram.fbru2-1.fna.fbcdn.net&_nc_cat=108&_nc_ohc=AqIq25nBn_IAX_O7dO5&oh=13c8f972c0ea4be30dccee0cc9570f62&oe=5F0BCC2F 640w","‚Ä¢ artist | 19 üáßüá∑
‚Ä¢ she/her
‚Ä¢ DO NOT REPOST NRT ARTS ‚ÄºÔ∏è"
0,155,"here‚Äôs my fire/water girl oc w butterfly sleeves! üåäüî•feel free to comment name ideas‚ú®also tysm to people drawing her for my ongoing 250k dtiys! üíòi try to feature entries everyday,, i rly love seeing everyone‚Äôs art and interpretations of this ocü•∫","38,587",2020-06-11T20:32:23.000Z,"286,092",396,"https://instagram.fbru2-1.fna.fbcdn.net/v/t51.2885-15/e35/s150x150/103311541_131020485269421_6923165039791865091_n.jpg?_nc_ht=instagram.fbru2-1.fna.fbcdn.net&_nc_cat=1&_nc_ohc=vQ827_1AJfkAX-o79JK&oh=7b73a7f6152b6cf6e16d4de891f7bc02&oe=5F0E3B5C 150w,https://instagram.fbru2-1.fna.fbcdn.net/v/t51.2885-15/e35/s240x240/103311541_131020485269421_6923165039791865091_n.jpg?_nc_ht=instagram.fbru2-1.fna.fbcdn.net&_nc_cat=1&_nc_ohc=vQ827_1AJfkAX-o79JK&oh=a18dbe83d1743f5f0a34d16adc99eee0&oe=5F0B8FDE 240w,https://instagram.fbru2-1.fna.fbcdn.net/v/t51.2885-15/e35/s320x320/103311541_131020485269421_6923165039791865091_n.jpg?_nc_ht=instagram.fbru2-1.fna.fbcdn.net&_nc_cat=1&_nc_ohc=vQ827_1AJfkAX-o79JK&oh=1493dfc7362edd269a958c483063cd1f&oe=5F0D2DA4 320w,https://instagram.fbru2-1.fna.fbcdn.net/v/t51.2885-15/e35/s480x480/103311541_131020485269421_6923165039791865091_n.jpg?_nc_ht=instagram.fbru2-1.fna.fbcdn.net&_nc_cat=1&_nc_ohc=vQ827_1AJfkAX-o79JK&oh=5bc202e97d70dd0d020aebf6e35e1550&oe=5F0F4FE5 480w,https://instagram.fbru2-1.fna.fbcdn.net/v/t51.2885-15/sh0.08/e35/s640x640/103311541_131020485269421_6923165039791865091_n.jpg?_nc_ht=instagram.fbru2-1.fna.fbcdn.net&_nc_cat=1&_nc_ohc=vQ827_1AJfkAX-o79JK&oh=d49e97e8db0ec9b775c7009d41afba5a&oe=5F0D2F5F 640w","üé® repost with credit!
üçâ clip studio paint
üç° trades/comms closed ‚ùå
#cie_feature"
1,155,"here‚Äôs a tablet vs phone challenge bc i haven‚Äôt done one in a while!üå∏phone is just a simplified version of the tablet drawing tbhüò≠as always, comment which one you like more~ ! i personally don‚Äôt think there‚Äôs a huge difference but i like the detail of the tablet drawingüíñ","73,217",2020-06-09T20:35:07.000Z,"286,092",396,"https://instagram.fbru2-1.fna.fbcdn.net/v/t51.2885-15/e35/s150x150/102844672_190281612273801_6930630888472428196_n.jpg?_nc_ht=instagram.fbru2-1.fna.fbcdn.net&_nc_cat=1&_nc_ohc=NC4SHGFpIjgAX8H35Vn&oh=6b4e2dd06fba745f37b0e9e4187e1c27&oe=5F0D5B75 150w,https://instagram.fbru2-1.fna.fbcdn.net/v/t51.2885-15/e35/s240x240/102844672_190281612273801_6930630888472428196_n.jpg?_nc_ht=instagram.fbru2-1.fna.fbcdn.net&_nc_cat=1&_nc_ohc=NC4SHGFpIjgAX8H35Vn&oh=ec9dcb9e9609c97aebb815f6ceaf7bff&oe=5F0C3AF3 240w,https://instagram.fbru2-1.fna.fbcdn.net/v/t51.2885-15/e35/s320x320/102844672_190281612273801_6930630888472428196_n.jpg?_nc_ht=instagram.fbru2-1.fna.fbcdn.net&_nc_cat=1&_nc_ohc=NC4SHGFpIjgAX8H35Vn&oh=c29e9179a0df3ffa1ab727bb967211a8&oe=5F0D210D 320w,https://instagram.fbru2-1.fna.fbcdn.net/v/t51.2885-15/e35/s480x480/102844672_190281612273801_6930630888472428196_n.jpg?_nc_ht=instagram.fbru2-1.fna.fbcdn.net&_nc_cat=1&_nc_ohc=NC4SHGFpIjgAX8H35Vn&oh=4c3da96dc6a761c589f181622a81dbdb&oe=5F0CB7CC 480w,https://instagram.fbru2-1.fna.fbcdn.net/v/t51.2885-15/sh0.08/e35/s640x640/102844672_190281612273801_6930630888472428196_n.jpg?_nc_ht=instagram.fbru2-1.fna.fbcdn.net&_nc_cat=1&_nc_ohc=NC4SHGFpIjgAX8H35Vn&oh=5f64fb22dc1ef050754b0db933f9819c&oe=5F0E9DF2 640w","üé® repost with credit!
üçâ clip studio paint
üç° trades/comms closed ‚ùå
#cie_feature"
2,155,here‚Äôs a sailor moon mermaid! ‚ú®üåäüåä i had fun drawing the gradient water~ also i‚Äôm late to #mermay so i guess this is for #merjune insteadüò≠,"41,756",2020-06-05T20:50:10.000Z,"286,092",396,"https://instagram.fbru2-1.fna.fbcdn.net/v/t51.2885-15/e35/s150x150/101953501_128516498855373_6662458023426408716_n.jpg?_nc_ht=instagram.fbru2-1.fna.fbcdn.net&_nc_cat=109&_nc_ohc=8mKfAUgZSJEAX-A3P-E&oh=e6058d44ec406a3b4012cf5afc318444&oe=5F0C05F3 150w,https://instagram.fbru2-1.fna.fbcdn.net/v/t51.2885-15/e35/s240x240/101953501_128516498855373_6662458023426408716_n.jpg?_nc_ht=instagram.fbru2-1.fna.fbcdn.net&_nc_cat=109&_nc_ohc=8mKfAUgZSJEAX-A3P-E&oh=aa55dd6dade9521c32beba65182fed64&oe=5F0C7375 240w,https://instagram.fbru2-1.fna.fbcdn.net/v/t51.2885-15/e35/s320x320/101953501_128516498855373_6662458023426408716_n.jpg?_nc_ht=instagram.fbru2-1.fna.fbcdn.net&_nc_cat=109&_nc_ohc=8mKfAUgZSJEAX-A3P-E&oh=e7dcd72e3d4344367248bc7ecc46f208&oe=5F0B908B 320w,https://instagram.fbru2-1.fna.fbcdn.net/v/t51.2885-15/e35/s480x480/101953501_128516498855373_6662458023426408716_n.jpg?_nc_ht=instagram.fbru2-1.fna.fbcdn.net&_nc_cat=109&_nc_ohc=8mKfAUgZSJEAX-A3P-E&oh=673b4ba348b09c9b32340fefed88867c&oe=5F0E6F4E 480w,https://instagram.fbru2-1.fna.fbcdn.net/v/t51.2885-15/sh0.08/e35/s640x640/101953501_128516498855373_6662458023426408716_n.jpg?_nc_ht=instagram.fbru2-1.fna.fbcdn.net&_nc_cat=109&_nc_ohc=8mKfAUgZSJEAX-A3P-E&oh=19079e7a256050f9a3131c55ea08cd27&oe=5F0E8D78 640w","üé® repost with credit!
üçâ clip studio paint
üç° trades/comms closed ‚ùå
#cie_feature"
3,155,"here‚Äôs a support post for black artists and creators!‚ù§Ô∏èintroduce and promote yourself in the comments, and i‚Äôll share your art in my instagram story! üíû
black lives matter and black artists matter ‚Äî it‚Äôs important to bring awareness to the blm movement and to also appreciate and support black artists/creators more. üíõ
.
#artistsupport #artistsupportartists #blackartistsmatter #supportblackartists #blackartists","81,205",2020-06-03T19:20:01.000Z,"286,092",396,"https://instagram.fbru2-1.fna.fbcdn.net/v/t51.2885-15/e35/s150x150/102368572_568024944109373_274934447033674670_n.jpg?_nc_ht=instagram.fbru2-1.fna.fbcdn.net&_nc_cat=105&_nc_ohc=hKzYuU4JRqQAX-WhpyF&oh=a9183bf1a2973ff0d4ab504be65d4272&oe=5F0BAEED 150w,https://instagram.fbru2-1.fna.fbcdn.net/v/t51.2885-15/e35/s240x240/102368572_568024944109373_274934447033674670_n.jpg?_nc_ht=instagram.fbru2-1.fna.fbcdn.net&_nc_cat=105&_nc_ohc=hKzYuU4JRqQAX-WhpyF&oh=ec9462868bb72115b463aa9b8403be59&oe=5F0B8A27 240w,https://instagram.fbru2-1.fna.fbcdn.net/v/t51.2885-15/e35/s320x320/102368572_568024944109373_274934447033674670_n.jpg?_nc_ht=instagram.fbru2-1.fna.fbcdn.net&_nc_cat=105&_nc_ohc=hKzYuU4JRqQAX-WhpyF&oh=7f027d153da7165b526a829fa1ac0937&oe=5F0D8C1D 320w,https://instagram.fbru2-1.fna.fbcdn.net/v/t51.2885-15/e35/s480x480/102368572_568024944109373_274934447033674670_n.jpg?_nc_ht=instagram.fbru2-1.fna.fbcdn.net&_nc_cat=105&_nc_ohc=hKzYuU4JRqQAX-WhpyF&oh=0cb2db4e44c54da1486dd468b6873c3a&oe=5F0BDFC7 480w,https://instagram.fbru2-1.fna.fbcdn.net/v/t51.2885-15/sh0.08/e35/s640x640/102368572_568024944109373_274934447033674670_n.jpg?_nc_ht=instagram.fbru2-1.fna.fbcdn.net&_nc_cat=105&_nc_ohc=hKzYuU4JRqQAX-WhpyF&oh=9c6bc514db3f10fd3688044d3f6c90f5&oe=5F0C77CC 640w","üé® repost with credit!
üçâ clip studio paint
üç° trades/comms closed ‚ùå
#cie_feature"
4,155,"a milk carton vending machine! decorate the comments w flowers/plants~üå∑üå±üå∏
tbh i wanna draw different stuff bc most of my art looks the same (oops) but idk what to drawüò≠i like how this idea turned out tho? i might draw more sketches like it~‚ú®‚ú®","37,822",2020-05-28T20:37:42.000Z,"286,092",396,"https://instagram.fbru2-1.fna.fbcdn.net/v/t51.2885-15/e35/s150x150/101402567_1173775806295483_8011791510782672342_n.jpg?_nc_ht=instagram.fbru2-1.fna.fbcdn.net&_nc_cat=107&_nc_ohc=LMMtaVDpE0gAX_-BIY7&oh=587968f0c0f66d7df78ca35884184754&oe=5F0D09AA 150w,https://instagram.fbru2-1.fna.fbcdn.net/v/t51.2885-15/e35/s240x240/101402567_1173775806295483_8011791510782672342_n.jpg?_nc_ht=instagram.fbru2-1.fna.fbcdn.net&_nc_cat=107&_nc_ohc=LMMtaVDpE0gAX_-BIY7&oh=1c7fbc4780cd34a7354adf8c3fe3f611&oe=5F0D7562 240w,https://instagram.fbru2-1.fna.fbcdn.net/v/t51.2885-15/e35/s320x320/101402567_1173775806295483_8011791510782672342_n.jpg?_nc_ht=instagram.fbru2-1.fna.fbcdn.net&_nc_cat=107&_nc_ohc=LMMtaVDpE0gAX_-BIY7&oh=444c6314b1652a994abf61f1874e61ed&oe=5F0EDFBF 320w,https://instagram.fbru2-1.fna.fbcdn.net/v/t51.2885-15/e35/s480x480/101402567_1173775806295483_8011791510782672342_n.jpg?_nc_ht=instagram.fbru2-1.fna.fbcdn.net&_nc_cat=107&_nc_ohc=LMMtaVDpE0gAX_-BIY7&oh=1ccb834576484e61700fccdc0c3c03a3&oe=5F0C7C7D 480w,https://instagram.fbru2-1.fna.fbcdn.net/v/t51.2885-15/sh0.08/e35/s640x640/101402567_1173775806295483_8011791510782672342_n.jpg?_nc_ht=instagram.fbru2-1.fna.fbcdn.net&_nc_cat=107&_nc_ohc=LMMtaVDpE0gAX_-BIY7&oh=2f1209c1ee22b2625023eb4ac22e7105&oe=5F0B96DD 640w","üé® repost with credit!
üçâ clip studio paint
üç° trades/comms closed ‚ùå
#cie_feature"
5,155,swipe for original!‚ú®here‚Äôs another sailor moon redraw bc usagi is a moodüåôüí´there‚Äôs so many sailor moon screen caps i wanna redrawüò≠,"123,017",2020-05-25T19:54:27.000Z,"286,093",396,"https://instagram.fbru2-1.fna.fbcdn.net/v/t51.2885-15/e35/s150x150/100667073_3611868522162773_6291359777436041696_n.jpg?_nc_ht=instagram.fbru2-1.fna.fbcdn.net&_nc_cat=105&_nc_ohc=JaiA3y0_3XEAX_3Rvsx&oh=205615f3f20c53489da3d25953d9cf69&oe=5F0C42B2 150w,https://instagram.fbru2-1.fna.fbcdn.net/v/t51.2885-15/e35/s240x240/100667073_3611868522162773_6291359777436041696_n.jpg?_nc_ht=instagram.fbru2-1.fna.fbcdn.net&_nc_cat=105&_nc_ohc=JaiA3y0_3XEAX_3Rvsx&oh=ffee296ed68babc498d1e5216404fec5&oe=5F0C2F7A 240w,https://instagram.fbru2-1.fna.fbcdn.net/v/t51.2885-15/e35/s320x320/100667073_3611868522162773_6291359777436041696_n.jpg?_nc_ht=instagram.fbru2-1.fna.fbcdn.net&_nc_cat=105&_nc_ohc=JaiA3y0_3XEAX_3Rvsx&oh=9eaad48d8ff2f32686a11bb652f2a8da&oe=5F0BCFA7 320w,https://instagram.fbru2-1.fna.fbcdn.net/v/t51.2885-15/e35/s480x480/100667073_3611868522162773_6291359777436041696_n.jpg?_nc_ht=instagram.fbru2-1.fna.fbcdn.net&_nc_cat=105&_nc_ohc=JaiA3y0_3XEAX_3Rvsx&oh=db94bac0898e852030cb062d08800d2f&oe=5F0DD3E5 480w,https://instagram.fbru2-1.fna.fbcdn.net/v/t51.2885-15/sh0.08/e35/s640x640/100667073_3611868522162773_6291359777436041696_n.jpg?_nc_ht=instagram.fbru2-1.fna.fbcdn.net&_nc_cat=105&_nc_ohc=JaiA3y0_3XEAX_3Rvsx&oh=22ef5be542f7bd020157b1afda08a385&oe=5F0E6FC5 640w","üé® repost with credit!
üçâ clip studio paint
üç° trades/comms closed ‚ùå
#cie_feature"
6,155,"i was inspired by @fararune and made this dress up game for princess bubblegum!üíò‚ú®i always draw bonnie in the same outfitüò≠
also, go follow @fararune bc her art is rly pretty and aesthetic~ü•∫","82,189",2020-05-22T20:34:37.000Z,"286,094",396,"https://instagram.fbru2-1.fna.fbcdn.net/v/t51.2885-15/e35/s150x150/100931896_277808003258940_4132886782925976363_n.jpg?_nc_ht=instagram.fbru2-1.fna.fbcdn.net&_nc_cat=100&_nc_ohc=vlc141KCJfwAX8MO80I&oh=24e4fd67ea63fe26b9b44d0e8eb0cb1c&oe=5F0D6BD9 150w,https://instagram.fbru2-1.fna.fbcdn.net/v/t51.2885-15/e35/s240x240/100931896_277808003258940_4132886782925976363_n.jpg?_nc_ht=instagram.fbru2-1.fna.fbcdn.net&_nc_cat=100&_nc_ohc=vlc141KCJfwAX8MO80I&oh=aa78b26b8dd7940db9229bde98d80a43&oe=5F0D83DF 240w,https://instagram.fbru2-1.fna.fbcdn.net/v/t51.2885-15/e35/s320x320/100931896_277808003258940_4132886782925976363_n.jpg?_nc_ht=instagram.fbru2-1.fna.fbcdn.net&_nc_cat=100&_nc_ohc=vlc141KCJfwAX8MO80I&oh=b9807f1a7f2af45d99260a62ccd70d09&oe=5F0D5BA1 320w,https://instagram.fbru2-1.fna.fbcdn.net/v/t51.2885-15/e35/s480x480/100931896_277808003258940_4132886782925976363_n.jpg?_nc_ht=instagram.fbru2-1.fna.fbcdn.net&_nc_cat=100&_nc_ohc=vlc141KCJfwAX8MO80I&oh=7d88511c6cc8493b78a9838f11ecb4bb&oe=5F0EB868 480w,https://instagram.fbru2-1.fna.fbcdn.net/v/t51.2885-15/sh0.08/e35/s640x640/100931896_277808003258940_4132886782925976363_n.jpg?_nc_ht=instagram.fbru2-1.fna.fbcdn.net&_nc_cat=100&_nc_ohc=vlc141KCJfwAX8MO80I&oh=ec5298f1f891cd28bc387a49006f0672&oe=5F0D94DE 640w","üé® repost with credit!
üçâ clip studio paint
üç° trades/comms closed ‚ùå
#cie_feature"
7,155,swipe to see the version i drew last year!‚ú®üåôi had fun drawing sailor moon again & trying out a minimalistic styleüíûüíû,"48,203",2020-05-20T20:55:37.000Z,"286,094",396,"https://instagram.fbru2-1.fna.fbcdn.net/v/t51.2885-15/e35/s150x150/100040854_149503026624640_4011806814142786751_n.jpg?_nc_ht=instagram.fbru2-1.fna.fbcdn.net&_nc_cat=104&_nc_ohc=PoORPadvR70AX--gXla&oh=812bc0eae47ddc6abdc33a186790e823&oe=5F0C2571 150w,https://instagram.fbru2-1.fna.fbcdn.net/v/t51.2885-15/e35/s240x240/100040854_149503026624640_4011806814142786751_n.jpg?_nc_ht=instagram.fbru2-1.fna.fbcdn.net&_nc_cat=104&_nc_ohc=PoORPadvR70AX--gXla&oh=8b90670a1a70099dff05daab8bc20d03&oe=5F0D70F7 240w,https://instagram.fbru2-1.fna.fbcdn.net/v/t51.2885-15/e35/s320x320/100040854_149503026624640_4011806814142786751_n.jpg?_nc_ht=instagram.fbru2-1.fna.fbcdn.net&_nc_cat=104&_nc_ohc=PoORPadvR70AX--gXla&oh=95a4f0f93d0be95a17142d4539f338cb&oe=5F0DA489 320w,https://instagram.fbru2-1.fna.fbcdn.net/v/t51.2885-15/e35/s480x480/100040854_149503026624640_4011806814142786751_n.jpg?_nc_ht=instagram.fbru2-1.fna.fbcdn.net&_nc_cat=104&_nc_ohc=PoORPadvR70AX--gXla&oh=843a28d12e90592474343a50300839da&oe=5F0E4750 480w,https://instagram.fbru2-1.fna.fbcdn.net/v/t51.2885-15/sh0.08/e35/s640x640/100040854_149503026624640_4011806814142786751_n.jpg?_nc_ht=instagram.fbru2-1.fna.fbcdn.net&_nc_cat=104&_nc_ohc=PoORPadvR70AX--gXla&oh=4aba5998da9660e58a3e8522cff58963&oe=5F0E37F6 640w","üé® repost with credit!
üçâ clip studio paint
üç° trades/comms closed ‚ùå
#cie_feature"
8,155,a witch girl and her cat!üíû‚ú®i kinda like how this turned out?ü•∫üëâüëà might draw them more bc they‚Äôre cute togetherüå±,"30,320",2020-05-18T21:21:53.000Z,"286,094",396,"https://instagram.fbru2-1.fna.fbcdn.net/v/t51.2885-15/e35/s150x150/98330292_2603110379906897_4476142329706654164_n.jpg?_nc_ht=instagram.fbru2-1.fna.fbcdn.net&_nc_cat=105&_nc_ohc=7IxYc67dkxcAX-5JaC8&oh=587c038fd887ee79fb42fe2a990fd792&oe=5F0DFB96 150w,https://instagram.fbru2-1.fna.fbcdn.net/v/t51.2885-15/e35/s240x240/98330292_2603110379906897_4476142329706654164_n.jpg?_nc_ht=instagram.fbru2-1.fna.fbcdn.net&_nc_cat=105&_nc_ohc=7IxYc67dkxcAX-5JaC8&oh=28c3529d943c61a2529d81aeeebaeedb&oe=5F0E9614 240w,https://instagram.fbru2-1.fna.fbcdn.net/v/t51.2885-15/e35/s320x320/98330292_2603110379906897_4476142329706654164_n.jpg?_nc_ht=instagram.fbru2-1.fna.fbcdn.net&_nc_cat=105&_nc_ohc=7IxYc67dkxcAX-5JaC8&oh=1a157ecf3c10f9f6e3a98b764cc73780&oe=5F0C86EE 320w,https://instagram.fbru2-1.fna.fbcdn.net/v/t51.2885-15/e35/s480x480/98330292_2603110379906897_4476142329706654164_n.jpg?_nc_ht=instagram.fbru2-1.fna.fbcdn.net&_nc_cat=105&_nc_ohc=7IxYc67dkxcAX-5JaC8&oh=35e4c261298d6247ce12fcf839741302&oe=5F0C692B 480w,https://instagram.fbru2-1.fna.fbcdn.net/v/t51.2885-15/sh0.08/e35/s640x640/98330292_2603110379906897_4476142329706654164_n.jpg?_nc_ht=instagram.fbru2-1.fna.fbcdn.net&_nc_cat=105&_nc_ohc=7IxYc67dkxcAX-5JaC8&oh=d21fee818387edc08647b40a32b0107e&oe=5F0DE791 640w","üé® repost with credit!
üçâ clip studio paint
üç° trades/comms closed ‚ùå
#cie_feature"
9,155,the difference is barely noticeable tbh... üò≠but anyway here is a soft shade vs. cell shade comparison!üíûüå± which one do you prefer?üé®personally i like soft shading bc it fits my style better‚ú®üí´,"63,400",2020-05-13T20:54:26.000Z,"286,094",396,"https://instagram.fbru2-1.fna.fbcdn.net/v/t51.2885-15/e35/s150x150/96657918_376824869895744_6040893902879692089_n.jpg?_nc_ht=instagram.fbru2-1.fna.fbcdn.net&_nc_cat=100&_nc_ohc=Xj2vnKrJXRYAX8JwmcU&oh=80209d03820420a1a82e2602a6a3faf6&oe=5F0BFAD7 150w,https://instagram.fbru2-1.fna.fbcdn.net/v/t51.2885-15/e35/s240x240/96657918_376824869895744_6040893902879692089_n.jpg?_nc_ht=instagram.fbru2-1.fna.fbcdn.net&_nc_cat=100&_nc_ohc=Xj2vnKrJXRYAX8JwmcU&oh=67744a33ad266588c5f34ad4502b8dd8&oe=5F0F0B1D 240w,https://instagram.fbru2-1.fna.fbcdn.net/v/t51.2885-15/e35/s320x320/96657918_376824869895744_6040893902879692089_n.jpg?_nc_ht=instagram.fbru2-1.fna.fbcdn.net&_nc_cat=100&_nc_ohc=Xj2vnKrJXRYAX8JwmcU&oh=6a676609f4a92b072b349ab443ed5d6b&oe=5F0CADA7 320w,https://instagram.fbru2-1.fna.fbcdn.net/v/t51.2885-15/e35/s480x480/96657918_376824869895744_6040893902879692089_n.jpg?_nc_ht=instagram.fbru2-1.fna.fbcdn.net&_nc_cat=100&_nc_ohc=Xj2vnKrJXRYAX8JwmcU&oh=ceec0ea8a1e5340922f56359bd1eba2e&oe=5F0E5F7D 480w,https://instagram.fbru2-1.fna.fbcdn.net/v/t51.2885-15/sh0.08/e35/s640x640/96657918_376824869895744_6040893902879692089_n.jpg?_nc_ht=instagram.fbru2-1.fna.fbcdn.net&_nc_cat=100&_nc_ohc=Xj2vnKrJXRYAX8JwmcU&oh=087b739113b6d38314f7388977399c00&oe=5F0E03F2 640w","üé® repost with credit!
üçâ clip studio paint
üç° trades/comms closed ‚ùå
#cie_feature"
10,155,"ty for 250k!‚ú®here‚Äôs another #drawthisinyourstyle to celebrateüî•üåäcomment a heart if you‚Äôre thinking about joining!üíñüíò
.
guidelines:
üå±use the hashtag #cie250k and tag me! i‚Äôll feature entries in my storyüò§
üå±there‚Äôs no deadline or anything
üå±feel free to change the hair, pose, etc.
üå±have fun!!","71,080",2020-05-11T21:16:44.000Z,"286,094",396,"https://instagram.fbru2-1.fna.fbcdn.net/v/t51.2885-15/e35/c2.0.1073.1073a/s150x150/96115638_557711985151077_3085188951345930881_n.jpg?_nc_ht=instagram.fbru2-1.fna.fbcdn.net&_nc_cat=109&_nc_ohc=P7nuGfAUaiAAX91BvpO&oh=0669c125212496763bfd3f782256f164&oe=5F0EDA93 150w,https://instagram.fbru2-1.fna.fbcdn.net/v/t51.2885-15/e35/c2.0.1073.1073a/s240x240/96115638_557711985151077_3085188951345930881_n.jpg?_nc_ht=instagram.fbru2-1.fna.fbcdn.net&_nc_cat=109&_nc_ohc=P7nuGfAUaiAAX91BvpO&oh=874be5057667b2bc53df9186e6d26f32&oe=5F0C9559 240w,https://instagram.fbru2-1.fna.fbcdn.net/v/t51.2885-15/e35/c2.0.1073.1073a/s320x320/96115638_557711985151077_3085188951345930881_n.jpg?_nc_ht=instagram.fbru2-1.fna.fbcdn.net&_nc_cat=109&_nc_ohc=P7nuGfAUaiAAX91BvpO&oh=e511c57a42ee7d279f5a2ec93ab6524b&oe=5F0E56E3 320w,https://instagram.fbru2-1.fna.fbcdn.net/v/t51.2885-15/e35/c2.0.1073.1073a/s480x480/96115638_557711985151077_3085188951345930881_n.jpg?_nc_ht=instagram.fbru2-1.fna.fbcdn.net&_nc_cat=109&_nc_ohc=P7nuGfAUaiAAX91BvpO&oh=4b1a207825eb6a9abe4bdd151b49a8ae&oe=5F0BBB39 480w,https://instagram.fbru2-1.fna.fbcdn.net/v/t51.2885-15/sh0.08/e35/c2.0.1073.1073a/s640x640/96115638_557711985151077_3085188951345930881_n.jpg?_nc_ht=instagram.fbru2-1.fna.fbcdn.net&_nc_cat=109&_nc_ohc=P7nuGfAUaiAAX91BvpO&oh=65cb5a788b1932bff1af7724e0a9dcdf&oe=5F0E017B 640w","üé® repost with credit!
üçâ clip studio paint
üç° trades/comms closed ‚ùå
#cie_feature"
11,155,"juice cartons based off the powerpuff girls!! üíû decorate the comments with fruitsüçìüçâüçí~ their flavors are strawberry bubbles, cherry blossom, and watermelon buttercup!‚ú®","38,696",2020-05-07T20:57:14.000Z,"286,094",396,"https://instagram.fbru2-1.fna.fbcdn.net/v/t51.2885-15/e35/s150x150/96238705_4036561153035869_5419472768760872570_n.jpg?_nc_ht=instagram.fbru2-1.fna.fbcdn.net&_nc_cat=105&_nc_ohc=cLVBVxxMa94AX_cmUYD&oh=820631debed047301beb4909813fc70b&oe=5F0D1FEC 150w,https://instagram.fbru2-1.fna.fbcdn.net/v/t51.2885-15/e35/s240x240/96238705_4036561153035869_5419472768760872570_n.jpg?_nc_ht=instagram.fbru2-1.fna.fbcdn.net&_nc_cat=105&_nc_ohc=cLVBVxxMa94AX_cmUYD&oh=a653581b84b08a1bbc9e49aa06608c63&oe=5F0C756E 240w,https://instagram.fbru2-1.fna.fbcdn.net/v/t51.2885-15/e35/s320x320/96238705_4036561153035869_5419472768760872570_n.jpg?_nc_ht=instagram.fbru2-1.fna.fbcdn.net&_nc_cat=105&_nc_ohc=cLVBVxxMa94AX_cmUYD&oh=683c506353596c82136d416075692edc&oe=5F0D6F14 320w,https://instagram.fbru2-1.fna.fbcdn.net/v/t51.2885-15/e35/s480x480/96238705_4036561153035869_5419472768760872570_n.jpg?_nc_ht=instagram.fbru2-1.fna.fbcdn.net&_nc_cat=105&_nc_ohc=cLVBVxxMa94AX_cmUYD&oh=355beaa7df5084778f2a2df8cf6866f0&oe=5F0DC6D5 480w,https://instagram.fbru2-1.fna.fbcdn.net/v/t51.2885-15/sh0.08/e35/s640x640/96238705_4036561153035869_5419472768760872570_n.jpg?_nc_ht=instagram.fbru2-1.fna.fbcdn.net&_nc_cat=105&_nc_ohc=cLVBVxxMa94AX_cmUYD&oh=ef7adfe02175f125edb31af29ea2cbfe&oe=5F0E936F 640w","üé® repost with credit!
üçâ clip studio paint
üç° trades/comms closed ‚ùå
#cie_feature"
